Modality,Test_N,CORD_N,Normal_N,Accuracy,Sensitivity_CORD_Recall,Specificity_Normal_Recall,AUC,TP,TN,FP,FN
OCT,102,60,42,0.9215686274509803,0.9166666666666666,0.9285714285714286,0.9884920634920635,55,39,3,5
FAF,56,47,9,0.9107142857142857,0.9148936170212766,0.8888888888888888,0.950354609929078,43,8,1,4
FF,86,41,45,0.8953488372093024,0.8292682926829268,0.9555555555555556,0.9799457994579945,34,43,2,7
